 1.000, -0.000, -0.000,  0.000
 1.000,  0.001, -0.004,  0.000
 1.000,  0.001, -0.003,  0.000
 1.000, -0.002, -0.003, -0.000
 1.000, -0.002, -0.003, -0.000
 1.000, -0.002, -0.003,  0.002
 1.000, -0.004, -0.003,  0.002
 1.000, -0.003, -0.003,  0.002
 1.000, -0.006, -0.003,  0.003
 1.000, -0.008, -0.004,  0.003
 1.000, -0.008, -0.003,  0.003
 1.000, -0.008, -0.004,  0.003
 1.000, -0.006, -0.003,  0.003
 1.000, -0.006, -0.003,  0.002
 1.000, -0.006, -0.005,  0.002
 1.000, -0.006, -0.005,  0.002
 1.000, -0.004, -0.005,  0.002
 1.000, -0.005, -0.004, -0.000
 1.000, -0.007, -0.004, -0.001
 1.000, -0.009, -0.004, -0.001
 1.000, -0.009, -0.004,  0.001
 1.000, -0.007, -0.004,  0.000
 1.000, -0.009, -0.003,  0.002
 1.000, -0.009, -0.004,  0.002
 1.000, -0.009, -0.004,  0.002
 1.000, -0.011, -0.004,  0.001
 1.000, -0.011, -0.004,  0.000
 1.000, -0.011, -0.004,  0.000
 1.000, -0.009, -0.004,  0.002
 1.000, -0.007, -0.004,  0.004
 1.000, -0.006, -0.004,  0.002
 1.000, -0.006, -0.004,  0.002
 1.000, -0.006, -0.004,  0.002
 1.000, -0.004, -0.006,  0.002
 1.000, -0.004, -0.006, -0.000
 1.000, -0.006, -0.006, -0.002
 1.000, -0.006, -0.006, -0.002
 1.000, -0.006, -0.006, -0.000
 1.000, -0.008, -0.006,  0.002
 1.000, -0.008, -0.006,  0.004
 1.000, -0.008, -0.006,  0.002
 1.000, -0.010, -0.006,  0.002
 1.000, -0.010, -0.006,  0.003
 1.000, -0.010, -0.006,  0.003
 1.000, -0.010, -0.006,  0.003
 1.000, -0.010, -0.006,  0.003
 1.000, -0.010, -0.006,  0.001
 1.000, -0.010, -0.006,  0.001
 1.000, -0.008, -0.006,  0.001
 1.000, -0.010, -0.006,  0.000
 1.000, -0.011, -0.006,  0.002
 1.000, -0.010, -0.006,  0.002
 1.000, -0.010, -0.006,  0.002
 1.000, -0.010, -0.006,  0.004
 1.000, -0.010, -0.006,  0.004
 1.000, -0.012, -0.006,  0.002
 1.000, -0.012, -0.006,  0.004
 1.000, -0.012, -0.006,  0.003
 1.000, -0.010, -0.006,  0.001
 1.000, -0.010, -0.006,  0.003
 1.000, -0.010, -0.008,  0.005
 1.000, -0.010, -0.008,  0.003
 1.000, -0.008, -0.008,  0.003
 1.000, -0.008, -0.006,  0.003
 1.000, -0.006, -0.005,  0.001
 1.000, -0.006, -0.006,  0.001
 1.000, -0.006, -0.006, -0.001
 1.000, -0.005, -0.006,  0.001
 1.000, -0.005, -0.007,  0.001
 1.000, -0.005, -0.007, -0.001
 1.000, -0.005, -0.005, -0.001
 1.000, -0.005, -0.006,  0.000
 1.000, -0.003, -0.005,  0.000
 1.000, -0.003, -0.005,  0.000
 1.000, -0.003, -0.005,  0.001
 1.000, -0.003, -0.005,  0.004
 1.000, -0.003, -0.006,  0.002
 1.000, -0.003, -0.006,  0.002
 1.000, -0.003, -0.006,  0.003
 1.000, -0.003, -0.006,  0.002
 1.000, -0.003, -0.006, -0.000
 1.000, -0.003, -0.006, -0.001
 1.000, -0.003, -0.007, -0.001
 1.000, -0.003, -0.007,  0.001
 1.000, -0.003, -0.006,  0.001
 1.000, -0.003, -0.006,  0.000
 1.000, -0.003, -0.006,  0.002
 1.000, -0.002, -0.006,  0.002
 1.000, -0.002, -0.006,  0.002
 1.000, -0.002, -0.008,  0.002
 1.000, -0.000, -0.007,  0.002
 1.000, -0.001, -0.007,  0.002
 1.000,  0.001, -0.007, -0.000
 1.000,  0.003, -0.008, -0.000
 1.000,  0.003, -0.008, -0.000
 1.000,  0.003, -0.008,  0.002
 1.000,  0.005, -0.007,  0.001
 1.000,  0.005, -0.008,  0.003
 1.000,  0.005, -0.008,  0.004
 1.000,  0.005, -0.007,  0.005
 1.000,  0.005, -0.007,  0.004
 1.000,  0.005, -0.007,  0.002
 1.000,  0.005, -0.007,  0.001
 1.000,  0.005, -0.008,  0.002
 1.000,  0.005, -0.008,  0.004
 1.000,  0.007, -0.008,  0.003
 1.000,  0.008, -0.008,  0.003
 1.000,  0.009, -0.008,  0.005
 1.000,  0.009, -0.008,  0.005
 1.000,  0.010, -0.009,  0.006
 1.000,  0.010, -0.008,  0.006
 1.000,  0.012, -0.009,  0.005
 1.000,  0.011, -0.009,  0.005
 1.000,  0.011, -0.009,  0.004
 1.000,  0.011, -0.009,  0.003
 1.000,  0.011, -0.009,  0.004
 1.000,  0.011, -0.009,  0.004
 1.000,  0.011, -0.009,  0.004
 1.000,  0.011, -0.009,  0.002
 1.000,  0.011, -0.009,  0.004
 1.000,  0.013, -0.009,  0.002
 1.000,  0.013, -0.009,  0.002
 1.000,  0.013, -0.009,  0.003
 1.000,  0.015, -0.009,  0.002
 1.000,  0.015, -0.009,  0.002
 1.000,  0.015, -0.010,  0.001
 1.000,  0.014, -0.010,  0.003
 1.000,  0.014, -0.010,  0.005
 1.000,  0.012, -0.011,  0.004
 1.000,  0.012, -0.011,  0.006
 1.000,  0.012, -0.011,  0.007
 1.000,  0.014, -0.010,  0.009
 1.000,  0.015, -0.010,  0.014
 1.000,  0.015, -0.011,  0.020
 1.000,  0.015, -0.012,  0.026
 1.000,  0.015, -0.012,  0.034
 0.999,  0.015, -0.012,  0.043
 0.999,  0.015, -0.012,  0.052
 0.998,  0.015, -0.012,  0.060
 0.998,  0.013, -0.013,  0.073
 0.997,  0.014, -0.013,  0.085
 0.995,  0.016, -0.013,  0.100
 0.997,  0.018, -0.013,  0.085
 0.998,  0.018, -0.013,  0.072
 0.999,  0.018, -0.013,  0.059
 0.998,  0.016, -0.022,  0.073
 0.999,  0.014, -0.020,  0.059
 0.999,  0.014, -0.020,  0.063
 0.998,  0.014, -0.021,  0.070
 0.997,  0.013, -0.021,  0.087
 0.997,  0.012, -0.019,  0.096
 0.996,  0.011, -0.020,  0.102
 0.995,  0.011, -0.022,  0.112
 0.994,  0.009, -0.022,  0.122
 0.993,  0.010, -0.022,  0.126
 0.992,  0.010, -0.022,  0.133
 0.992,  0.010, -0.022,  0.139
 0.991,  0.010, -0.022,  0.145
 0.990,  0.012, -0.022,  0.151
 0.989,  0.012, -0.022,  0.156
 0.988,  0.012, -0.022,  0.160
 0.988,  0.010, -0.022,  0.165
 0.987,  0.010, -0.022,  0.170
 0.986,  0.009, -0.019,  0.176
 0.985,  0.009, -0.020,  0.180
 0.985,  0.008, -0.021,  0.180
 0.985,  0.006, -0.022,  0.179
 0.985,  0.007, -0.022,  0.181
 0.985,  0.005, -0.023,  0.181
 0.985,  0.003, -0.024,  0.181
 0.985,  0.005, -0.024,  0.180
 0.985,  0.006, -0.023,  0.180
 0.986,  0.008, -0.024,  0.176
 0.987,  0.006, -0.024,  0.169
 0.988,  0.007, -0.025,  0.161
 0.990,  0.007, -0.026,  0.149
 0.988,  0.005, -0.027,  0.165
 0.986,  0.003, -0.028,  0.179
 0.984,  0.001, -0.029,  0.187
 0.983,  0.001, -0.029,  0.194
 0.982,  0.001, -0.028,  0.199
 0.981,  0.002, -0.026,  0.205
 0.979,  0.002, -0.024,  0.212
 0.978,  0.002, -0.023,  0.220
 0.975, -0.001, -0.024,  0.231
 0.972,  0.000, -0.024,  0.243
 0.970,  0.002, -0.025,  0.253
 0.967, -0.000, -0.025,  0.263
 0.965, -0.001, -0.025,  0.271
 0.962, -0.003, -0.026,  0.283
 0.957, -0.001, -0.026,  0.299
 0.952, -0.001, -0.026,  0.314
 0.956,  0.001, -0.024,  0.302
 0.961,  0.002, -0.025,  0.288
 0.965,  0.002, -0.023,  0.273
 0.969,  0.001, -0.021,  0.260
 0.972,  0.001, -0.023,  0.247
 0.976,  0.001, -0.023,  0.232
 0.978,  0.002, -0.022,  0.223
 0.981,  0.002, -0.022,  0.209
 0.984,  0.004, -0.019,  0.196
 0.986,  0.006, -0.019,  0.187
 0.988,  0.005, -0.020,  0.178
 0.990,  0.008, -0.020,  0.167
 0.991,  0.009, -0.020,  0.160
 0.992,  0.009, -0.019,  0.150
 0.994,  0.009, -0.019,  0.142
 0.995,  0.009, -0.019,  0.136
 0.995,  0.009, -0.019,  0.130
 0.996,  0.008, -0.018,  0.126
 0.996,  0.010, -0.017,  0.123
 0.996,  0.010, -0.017,  0.122
 0.997,  0.009, -0.016,  0.120
 0.996,  0.009, -0.017,  0.122
 0.996,  0.009, -0.017,  0.122
 0.997,  0.008, -0.018,  0.120
 0.997,  0.007, -0.020,  0.119
 0.996,  0.007, -0.025,  0.121
 0.996,  0.007, -0.031,  0.122
 0.996,  0.007, -0.039,  0.124
 0.995,  0.007, -0.047,  0.125
 0.995,  0.008, -0.053,  0.125
 0.995,  0.008, -0.051,  0.128
 0.994,  0.007, -0.048,  0.134
 0.993,  0.006, -0.048,  0.143
 0.991,  0.006, -0.049,  0.154
 0.989,  0.006, -0.054,  0.166
 0.987,  0.006, -0.055,  0.176
 0.986,  0.006, -0.056,  0.182
 0.986,  0.006, -0.058,  0.184
 0.986,  0.005, -0.055,  0.185
 0.985,  0.004, -0.052,  0.188
 0.984,  0.004, -0.052,  0.193
 0.984,  0.004, -0.051,  0.197
 0.983,  0.004, -0.051,  0.203
 0.982,  0.004, -0.051,  0.208
 0.980,  0.005, -0.050,  0.213
 0.979,  0.005, -0.049,  0.219
 0.978,  0.005, -0.048,  0.224
 0.977,  0.005, -0.048,  0.230
 0.975,  0.005, -0.047,  0.239
 0.972,  0.006, -0.047,  0.250
 0.969,  0.005, -0.045,  0.262
 0.966,  0.005, -0.046,  0.273
 0.963,  0.005, -0.045,  0.284
 0.962,  0.005, -0.051,  0.285
 0.962,  0.002, -0.051,  0.285
 0.962,  0.001, -0.049,  0.286
 0.961,  0.002, -0.049,  0.290
 0.959,  0.003, -0.050,  0.296
 0.956,  0.002, -0.047,  0.306
 0.952,  0.002, -0.047,  0.318
 0.948,  0.003, -0.046,  0.332
 0.953,  0.005, -0.043,  0.317
 0.957,  0.007, -0.042,  0.305
 0.960,  0.009, -0.041,  0.297
 0.962,  0.012, -0.042,  0.289
 0.964,  0.014, -0.044,  0.282
 0.965,  0.016, -0.043,  0.278
 0.967,  0.019, -0.043,  0.271
 0.969,  0.020, -0.042,  0.265
 0.971,  0.022, -0.041,  0.258
 0.973,  0.023, -0.040,  0.251
 0.975,  0.024, -0.041,  0.243
 0.977,  0.027, -0.040,  0.232
 0.980,  0.029, -0.047,  0.218
 0.977,  0.030, -0.046,  0.232
 0.976,  0.029, -0.046,  0.239
 0.974,  0.029, -0.044,  0.248
 0.971,  0.029, -0.043,  0.257
 0.969,  0.029, -0.042,  0.264
 0.969,  0.029, -0.041,  0.267
 0.968,  0.028, -0.039,  0.269
 0.968,  0.027, -0.034,  0.270
 0.969,  0.027, -0.030,  0.269
 0.969,  0.026, -0.024,  0.267
 0.969,  0.026, -0.023,  0.268
 0.970,  0.026, -0.023,  0.267
 0.970,  0.027, -0.024,  0.264
 0.970,  0.028, -0.024,  0.264
 0.971,  0.028, -0.025,  0.262
 0.971,  0.026, -0.027,  0.262
 0.971,  0.024, -0.027,  0.261
 0.972,  0.023, -0.026,  0.259
 0.974,  0.024, -0.030,  0.248
 0.982,  0.024, -0.040,  0.219
 0.980,  0.024, -0.043,  0.227
 0.977,  0.022, -0.047,  0.239
 0.975,  0.021, -0.051,  0.246
 0.973,  0.019, -0.054,  0.252
 0.972,  0.017, -0.054,  0.258
 0.971,  0.014, -0.050,  0.263
 0.970,  0.013, -0.041,  0.268
 0.969,  0.011, -0.031,  0.273
 0.968,  0.009, -0.028,  0.275
 0.967,  0.010, -0.031,  0.280
 0.965,  0.009, -0.033,  0.287
 0.963,  0.007, -0.031,  0.294
 0.960,  0.005, -0.030,  0.303
 0.957,  0.006, -0.030,  0.313
 0.952,  0.007, -0.033,  0.329
 0.948,  0.007, -0.032,  0.340
 0.942,  0.006, -0.033,  0.357
 0.939,  0.007, -0.033,  0.365
 0.934,  0.007, -0.031,  0.377
 0.929,  0.006, -0.027,  0.389
 0.924,  0.007, -0.025,  0.402
 0.918,  0.008, -0.023,  0.417
 0.925,  0.009, -0.022,  0.401
 0.930,  0.009, -0.022,  0.390
 0.935,  0.009, -0.021,  0.377
 0.940,  0.007, -0.018,  0.365
 0.944,  0.006, -0.018,  0.355
 0.948,  0.005, -0.017,  0.345
 0.951,  0.007, -0.016,  0.337
 0.953,  0.007, -0.014,  0.330
 0.954,  0.007, -0.012,  0.326
 0.956,  0.006, -0.011,  0.322
 0.957,  0.007, -0.008,  0.319
 0.958,  0.005, -0.008,  0.317
 0.958,  0.004, -0.007,  0.316
 0.958,  0.003, -0.007,  0.317
 0.957,  0.003, -0.007,  0.318
 0.957,  0.003, -0.007,  0.318
 0.957,  0.003, -0.008,  0.319
 0.955,  0.005, -0.008,  0.325
 0.953,  0.005, -0.009,  0.331
 0.950,  0.005, -0.009,  0.338
 0.947,  0.004, -0.009,  0.349
 0.942,  0.005, -0.009,  0.362
 0.938,  0.007, -0.010,  0.371
 0.934,  0.006, -0.010,  0.382
 0.929,  0.006, -0.010,  0.393
 0.925,  0.007, -0.009,  0.403
 0.921,  0.007, -0.009,  0.414
 0.916,  0.007, -0.009,  0.423
 0.911,  0.007, -0.008,  0.434
 0.905,  0.006, -0.008,  0.447
 0.900,  0.007, -0.008,  0.458
 0.895,  0.006, -0.006,  0.468
 0.888,  0.006, -0.005,  0.480
 0.895,  0.007, -0.005,  0.467
 0.901,  0.007, -0.003,  0.457
 0.906,  0.007, -0.004,  0.447
 0.909,  0.008, -0.003,  0.440
 0.911,  0.008, -0.002,  0.436
 0.913,  0.007, -0.000,  0.431
 0.916,  0.008, -0.001,  0.426
 0.917,  0.008, -0.001,  0.422
 0.921,  0.009, -0.001,  0.414
 0.925,  0.010, -0.001,  0.406
 0.928,  0.012, -0.002,  0.398
 0.931,  0.013, -0.002,  0.392
 0.936,  0.013, -0.003,  0.380
 0.940,  0.012, -0.000,  0.370
 0.945,  0.012, -0.001,  0.358
 0.950,  0.013, -0.001,  0.344
 0.955,  0.013, -0.003,  0.331
 0.960,  0.014, -0.004,  0.316
 0.955,  0.013, -0.002,  0.331
 0.951,  0.013, -0.003,  0.344
 0.946,  0.013, -0.004,  0.357
 0.942,  0.014, -0.005,  0.367
 0.939,  0.013, -0.006,  0.375
 0.935,  0.015, -0.007,  0.384
 0.933,  0.015, -0.009,  0.390
 0.931,  0.016, -0.011,  0.395
 0.930,  0.016, -0.011,  0.398
 0.929,  0.016, -0.011,  0.399
 0.930,  0.014, -0.013,  0.398
 0.930,  0.014, -0.013,  0.397
 0.932,  0.013, -0.013,  0.393
 0.934,  0.014, -0.013,  0.388
 0.937,  0.013, -0.014,  0.381
 0.941,  0.014, -0.015,  0.369
 0.946,  0.014, -0.015,  0.357
 0.951,  0.014, -0.016,  0.344
 0.946,  0.014, -0.018,  0.358
 0.941,  0.015, -0.017,  0.370
 0.937,  0.015, -0.016,  0.381
 0.933,  0.014, -0.014,  0.391
 0.929,  0.013, -0.012,  0.401
 0.925,  0.014, -0.012,  0.409
 0.922,  0.013, -0.009,  0.417
 0.919,  0.013, -0.012,  0.424
 0.915,  0.012, -0.010,  0.431
 0.912,  0.013, -0.010,  0.439
 0.909,  0.013, -0.012,  0.444
 0.906,  0.014, -0.012,  0.451
 0.902,  0.015, -0.012,  0.459
 0.897,  0.017, -0.013,  0.469
 0.891,  0.016, -0.014,  0.481
 0.885,  0.015, -0.014,  0.491
 0.879,  0.013, -0.016,  0.503
 0.872,  0.010, -0.016,  0.515
 0.864,  0.010, -0.014,  0.528
 0.872,  0.010, -0.011,  0.515
 0.880,  0.009, -0.009,  0.502
 0.887,  0.011, -0.008,  0.489
 0.894,  0.010, -0.007,  0.477
 0.900,  0.009, -0.006,  0.466
 0.905,  0.006, -0.007,  0.455
 0.910,  0.006, -0.007,  0.446
 0.915,  0.004, -0.004,  0.436
 0.919,  0.005, -0.004,  0.427
 0.924,  0.006, -0.003,  0.417
 0.928,  0.007, -0.002,  0.407
 0.931,  0.007, -0.001,  0.401
 0.934,  0.007, -0.001,  0.395
 0.936,  0.007, -0.001,  0.389
 0.938,  0.006, -0.000,  0.385
 0.939,  0.007,  0.000,  0.382
 0.939,  0.006,  0.001,  0.381
 0.939,  0.008,  0.002,  0.381
 0.938,  0.008,  0.002,  0.384
 0.937,  0.008,  0.001,  0.387
 0.936,  0.008,  0.000,  0.389
 0.935,  0.006, -0.001,  0.392
 0.932,  0.006, -0.000,  0.399
 0.928,  0.006,  0.000,  0.408
 0.923,  0.005,  0.000,  0.420
 0.917,  0.005,  0.001,  0.432
 0.910,  0.004,  0.000,  0.449
 0.903,  0.004,  0.000,  0.462
 0.910,  0.005, -0.001,  0.449
 0.917,  0.004, -0.001,  0.435
 0.923,  0.003, -0.002,  0.422
 0.929,  0.003, -0.002,  0.409
 0.935,  0.004, -0.001,  0.396
 0.940,  0.004, -0.001,  0.383
 0.945,  0.005, -0.002,  0.371
 0.950,  0.005, -0.002,  0.358
 0.955,  0.005, -0.001,  0.345
 0.960,  0.006, -0.001,  0.331
 0.964,  0.007, -0.001,  0.318
 0.965,  0.007, -0.000,  0.316
 0.968,  0.007, -0.000,  0.306
 0.972,  0.007, -0.000,  0.295
 0.976,  0.009, -0.003,  0.282
 0.979,  0.009, -0.002,  0.269
 0.983,  0.007, -0.002,  0.256
 0.987,  0.008, -0.001,  0.241
 0.990,  0.009, -0.002,  0.227
 0.994,  0.009, -0.002,  0.213
 0.997,  0.009, -0.003,  0.196
 1.000,  0.009, -0.002,  0.183
 0.997,  0.009, -0.001,  0.200
 0.993,  0.009, -0.002,  0.216
 0.990,  0.009, -0.002,  0.230
 0.987,  0.008, -0.003,  0.242
 0.985,  0.008, -0.004,  0.252
 0.982,  0.010, -0.005,  0.263
 0.980,  0.010, -0.005,  0.272
 0.978,  0.012, -0.007,  0.279
 0.975,  0.012, -0.009,  0.288
 0.974,  0.014, -0.009,  0.292
 0.973,  0.014, -0.011,  0.296
 0.972,  0.014, -0.012,  0.298
 0.972,  0.015, -0.014,  0.300
 0.972,  0.013, -0.017,  0.299
 0.973,  0.013, -0.017,  0.295
 0.974,  0.013, -0.016,  0.294
 0.976,  0.011, -0.009,  0.288
 0.977,  0.011, -0.009,  0.281
 0.980,  0.011, -0.011,  0.273
 0.984,  0.011, -0.013,  0.259
 0.987,  0.012, -0.011,  0.247
 0.991,  0.011, -0.010,  0.231
 0.995,  0.010, -0.008,  0.215
 0.998,  0.011, -0.006,  0.198
 1.001,  0.009, -0.005,  0.185
 1.004,  0.009, -0.006,  0.170
 1.001,  0.007, -0.005,  0.186
 0.999,  0.007, -0.005,  0.199
 0.996,  0.004, -0.005,  0.210
 0.994,  0.004, -0.004,  0.220
 0.991,  0.003, -0.002,  0.233
 0.988,  0.003, -0.003,  0.246
 0.985,  0.005, -0.004,  0.259
 0.982,  0.004, -0.005,  0.270
 0.979,  0.006, -0.008,  0.283
 0.975,  0.004, -0.006,  0.297
 0.971,  0.004, -0.005,  0.309
 0.967,  0.004, -0.004,  0.323
 0.963,  0.003, -0.003,  0.334
 0.958,  0.001, -0.002,  0.347
 0.953, -0.001, -0.001,  0.361
 0.961, -0.003,  0.001,  0.341
 0.963, -0.004,  0.001,  0.335
 0.968, -0.005,  0.001,  0.321
 0.973, -0.006,  0.003,  0.307
 0.976, -0.007,  0.003,  0.295
 0.980, -0.007,  0.004,  0.283
 0.983, -0.009,  0.003,  0.273
 0.986, -0.011,  0.004,  0.262
 0.988, -0.012,  0.002,  0.254
 0.991, -0.014,  0.001,  0.244
 0.993, -0.014,  0.001,  0.235
 0.994, -0.012, -0.000,  0.229
 0.996, -0.014,  0.002,  0.222
 0.997, -0.016,  0.002,  0.218
 0.998, -0.018,  0.002,  0.213
 0.999, -0.018,  0.003,  0.209
 0.999, -0.018,  0.003,  0.207
 0.999, -0.020,  0.003,  0.206
 0.999, -0.022,  0.004,  0.207
 0.999, -0.021,  0.003,  0.208
 0.998, -0.023,  0.003,  0.209
 0.998, -0.025,  0.002,  0.212
 0.997, -0.026,  0.002,  0.217
 0.995, -0.026,  0.002,  0.226
 0.993, -0.026,  0.002,  0.235
 0.990, -0.026,  0.001,  0.245
 0.987, -0.025,  0.001,  0.257
 0.984, -0.025,  0.001,  0.271
 0.979, -0.025,  0.002,  0.287
 0.975, -0.024,  0.002,  0.301
 0.980, -0.022,  0.002,  0.286
 0.985, -0.022,  0.002,  0.270
 0.980, -0.021,  0.004,  0.285
 0.985, -0.020,  0.002,  0.270
 0.989, -0.020,  0.002,  0.253
 0.993, -0.020,  0.002,  0.238
 0.997, -0.020,  0.002,  0.221
 1.000, -0.020,  0.004,  0.209
 1.002, -0.021,  0.005,  0.199
 1.004, -0.021,  0.003,  0.188
 1.007, -0.021,  0.002,  0.176
 1.009, -0.020,  0.001,  0.164
 1.011, -0.018, -0.000,  0.151
 1.013, -0.018, -0.001,  0.137
 1.015, -0.017, -0.003,  0.124
 1.016, -0.017, -0.000,  0.112
 1.018, -0.018,  0.001,  0.098
 1.019, -0.018, -0.001,  0.083
 1.020, -0.018, -0.001,  0.070
 1.021, -0.018, -0.003,  0.056
 1.022, -0.017, -0.004,  0.040
 1.023, -0.017, -0.005,  0.027
 1.022, -0.017, -0.002,  0.046
 1.021, -0.017, -0.002,  0.062
 1.021, -0.018, -0.000,  0.074
 1.020, -0.018,  0.000,  0.089
 1.018, -0.018, -0.000,  0.101
 1.018, -0.017, -0.001,  0.110
 1.017, -0.015, -0.002,  0.118
 1.016, -0.015, -0.003,  0.124
 1.016, -0.015, -0.004,  0.128
 1.015, -0.013, -0.006,  0.129
 1.016, -0.013, -0.007,  0.128
 1.016, -0.013, -0.008,  0.127
 1.016, -0.015, -0.010,  0.126
 1.016, -0.014, -0.012,  0.122
 1.017, -0.015, -0.010,  0.116
 1.018, -0.014, -0.010,  0.107
 1.020, -0.016, -0.012,  0.090
 1.019, -0.018, -0.012,  0.104
 1.017, -0.020, -0.011,  0.116
 1.016, -0.019, -0.011,  0.128
 1.015, -0.018, -0.012,  0.139
 1.014, -0.017, -0.010,  0.147
 1.013, -0.017, -0.009,  0.154
 1.011, -0.019, -0.010,  0.165
 1.009, -0.022, -0.010,  0.177
 1.007, -0.023, -0.009,  0.187
 1.005, -0.023, -0.008,  0.198
 1.003, -0.023, -0.006,  0.209
 1.001, -0.024, -0.007,  0.219
 0.998, -0.026, -0.008,  0.231
 0.995, -0.025, -0.007,  0.244
 0.992, -0.023, -0.008,  0.257
 0.988, -0.024, -0.006,  0.271
 0.985, -0.023, -0.004,  0.282
 0.982, -0.025, -0.002,  0.295
 0.977, -0.023, -0.003,  0.311
 0.972, -0.021, -0.002,  0.326
 0.978, -0.020, -0.002,  0.309
 0.983, -0.019, -0.002,  0.294
 0.987, -0.017, -0.002,  0.280
 0.991, -0.016, -0.001,  0.266
 0.994, -0.015, -0.000,  0.253
 0.997, -0.015, -0.002,  0.241
 1.000, -0.017, -0.002,  0.229
 1.002, -0.018, -0.003,  0.222
 1.005, -0.017, -0.004,  0.209
 1.007, -0.016, -0.004,  0.197
 1.009, -0.015, -0.003,  0.190
 1.011, -0.015, -0.001,  0.179
 1.012, -0.014, -0.001,  0.170
 1.014, -0.012,  0.000,  0.162
 1.015, -0.012, -0.001,  0.153
 1.016, -0.011, -0.001,  0.148
 1.017, -0.009,  0.000,  0.143
 1.017, -0.009,  0.000,  0.140
 1.017, -0.010,  0.003,  0.137
 1.018, -0.010,  0.003,  0.136
 1.018, -0.009,  0.004,  0.136
 1.017, -0.012,  0.003,  0.137
 1.017, -0.011,  0.003,  0.138
 1.017, -0.012,  0.003,  0.141
 1.016, -0.013,  0.001,  0.148
 1.015, -0.013,  0.001,  0.152
 1.014, -0.013,  0.001,  0.162
 1.012, -0.011,  0.002,  0.172
 1.011, -0.011,  0.001,  0.181
 1.009, -0.011,  0.002,  0.193
 1.006, -0.011,  0.001,  0.208
 1.003, -0.012,  0.001,  0.221
 0.999, -0.011,  0.002,  0.237
 0.996, -0.011,  0.001,  0.252
 0.993, -0.011,  0.002,  0.264
 0.989, -0.010,  0.003,  0.278
 0.993, -0.010,  0.002,  0.263
 0.998, -0.011,  0.002,  0.247
 1.001, -0.010,  0.001,  0.234
 1.004, -0.009,  0.001,  0.222
 1.006, -0.009,  0.002,  0.211
 1.008, -0.010,  0.001,  0.202
 1.010, -0.010,  0.001,  0.193
 1.012, -0.009,  0.000,  0.184
 1.014, -0.009, -0.001,  0.173
 1.016, -0.008, -0.004,  0.159
 1.018, -0.007, -0.005,  0.146
 1.020, -0.007, -0.006,  0.133
 1.022, -0.007, -0.004,  0.119
 1.022, -0.007, -0.004,  0.117
 1.023, -0.007, -0.003,  0.108
 1.024, -0.008, -0.002,  0.093
 1.026, -0.009, -0.003,  0.081
 1.027, -0.009, -0.004,  0.069
 1.028, -0.008, -0.003,  0.049
 1.027, -0.007, -0.003,  0.059
 1.026, -0.006, -0.005,  0.075
 1.026, -0.008, -0.006,  0.088
 1.025, -0.008, -0.006,  0.098
 1.023, -0.007, -0.007,  0.110
 1.022, -0.007, -0.008,  0.119
 1.022, -0.008, -0.008,  0.127
 1.021, -0.008, -0.009,  0.133
 1.020, -0.008, -0.010,  0.138
 1.020, -0.006, -0.011,  0.138
 1.020, -0.006, -0.012,  0.138
 1.020, -0.006, -0.013,  0.138
 1.020, -0.006, -0.013,  0.138
 1.020, -0.007, -0.011,  0.138
 1.021, -0.006, -0.010,  0.134
 1.022, -0.006, -0.011,  0.127
 1.023, -0.008, -0.013,  0.118
 1.024, -0.008, -0.015,  0.106
 1.025, -0.008, -0.015,  0.094
 1.026, -0.010, -0.017,  0.082
 1.028, -0.010, -0.015,  0.066
 1.029, -0.011, -0.016,  0.051
 1.028, -0.012, -0.016,  0.066
 1.027, -0.014, -0.016,  0.085
 1.026, -0.013, -0.017,  0.097
 1.024, -0.013, -0.015,  0.112
 1.023, -0.014, -0.014,  0.124
 1.021, -0.013, -0.012,  0.137
 1.020, -0.016, -0.010,  0.148
 1.018, -0.018, -0.008,  0.159
 1.017, -0.020, -0.009,  0.169
 1.015, -0.023, -0.007,  0.181
 1.013, -0.025, -0.009,  0.191
 1.010, -0.027, -0.009,  0.204
 1.008, -0.029, -0.010,  0.216
 1.005, -0.031, -0.010,  0.230
 1.001, -0.035, -0.008,  0.248
 0.997, -0.035, -0.007,  0.262
 0.993, -0.036, -0.006,  0.277
 0.989, -0.034, -0.005,  0.293
 0.993, -0.035, -0.006,  0.279
 0.997, -0.034, -0.006,  0.266
 1.000, -0.034, -0.008,  0.253
 1.004, -0.032, -0.008,  0.239
 1.007, -0.031, -0.008,  0.226
 1.010, -0.030, -0.006,  0.214
 1.012, -0.030, -0.007,  0.202
 1.014, -0.032, -0.009,  0.190
 1.016, -0.031, -0.007,  0.179
 1.019, -0.031, -0.009,  0.167
 1.020, -0.030, -0.009,  0.158
 1.021, -0.030, -0.010,  0.151
 1.022, -0.028, -0.010,  0.143
 1.023, -0.028, -0.010,  0.136
 1.025, -0.028, -0.010,  0.127
 1.025, -0.028, -0.010,  0.122
 1.026, -0.028, -0.010,  0.117
 1.026, -0.030, -0.010,  0.115
 1.026, -0.029, -0.010,  0.112
 1.026, -0.031, -0.009,  0.110
 1.027, -0.031, -0.009,  0.109
 1.027, -0.031, -0.008,  0.108
 1.027, -0.033, -0.009,  0.108
 1.027, -0.035, -0.011,  0.107
 1.026, -0.035, -0.012,  0.110
 1.026, -0.032, -0.013,  0.117
 1.025, -0.033, -0.014,  0.126
 1.023, -0.033, -0.013,  0.137
 1.022, -0.033, -0.011,  0.148
 1.020, -0.033, -0.009,  0.161
 1.018, -0.033, -0.006,  0.174
 1.015, -0.033, -0.003,  0.189
 1.012, -0.036, -0.002,  0.205
 1.009, -0.036, -0.002,  0.220
 1.006, -0.035, -0.003,  0.233
 1.010, -0.033, -0.004,  0.220
 1.013, -0.032, -0.006,  0.203
 1.017, -0.032, -0.007,  0.186
 1.019, -0.031, -0.007,  0.171
 1.021, -0.031, -0.007,  0.160
 1.023, -0.030, -0.008,  0.150
 1.024, -0.030, -0.006,  0.140
 1.026, -0.032, -0.007,  0.130
 1.026, -0.032, -0.008,  0.124
 1.028, -0.032, -0.011,  0.114
 1.029, -0.031, -0.011,  0.104
 1.030, -0.032, -0.012,  0.095
 1.031, -0.032, -0.014,  0.084
 1.031, -0.031, -0.014,  0.073
 1.032, -0.031, -0.015,  0.060
 1.033, -0.030, -0.015,  0.045
 1.034, -0.029, -0.017,  0.034
 1.034, -0.028, -0.017,  0.017
 1.035, -0.028, -0.017,  0.004
 1.035, -0.026, -0.018, -0.013
 1.035, -0.026, -0.018, -0.007
 1.035, -0.026, -0.019,  0.007
 1.035, -0.028, -0.020,  0.023
 1.035, -0.028, -0.020,  0.032
 1.034, -0.028, -0.020,  0.042
 1.034, -0.027, -0.020,  0.053
 1.033, -0.027, -0.021,  0.064
 1.033, -0.027, -0.022,  0.074
 1.032, -0.027, -0.023,  0.083
 1.031, -0.027, -0.024,  0.091
 1.031, -0.027, -0.023,  0.093
 1.031, -0.025, -0.024,  0.092
 1.031, -0.023, -0.025,  0.096
 1.031, -0.023, -0.026,  0.097
 1.031, -0.021, -0.026,  0.097
 1.031, -0.023, -0.023,  0.098
 1.031, -0.023, -0.022,  0.099
 1.031, -0.023, -0.022,  0.095
 1.031, -0.023, -0.022,  0.090
 1.032, -0.023, -0.022,  0.085
 1.032, -0.024, -0.023,  0.078
 1.033, -0.026, -0.023,  0.065
 1.034, -0.028, -0.022,  0.054
 1.035, -0.029, -0.022,  0.039
 1.035, -0.027, -0.024,  0.027
 1.036, -0.025, -0.025,  0.013
 1.036, -0.026, -0.024, -0.001
 1.036, -0.028, -0.026,  0.014
 1.036, -0.026, -0.028, -0.002
 1.036, -0.025, -0.026,  0.014
 1.036, -0.025, -0.024,  0.028
 1.035, -0.027, -0.025,  0.046
 1.035, -0.028, -0.024,  0.061
 1.034, -0.029, -0.024,  0.076
 1.033, -0.030, -0.024,  0.094
 1.031, -0.033, -0.022,  0.108
 1.030, -0.032, -0.022,  0.123
 1.028, -0.031, -0.021,  0.138
 1.026, -0.032, -0.019,  0.149
 1.024, -0.035, -0.017,  0.163
 1.022, -0.037, -0.017,  0.176
 1.020, -0.037, -0.014,  0.186
 1.018, -0.037, -0.011,  0.200
 1.015, -0.038, -0.011,  0.213
 1.013, -0.036, -0.010,  0.226
 1.010, -0.037, -0.008,  0.239
 1.007, -0.038, -0.005,  0.252
 1.003, -0.036, -0.005,  0.268
 0.998, -0.035, -0.004,  0.285
 0.994, -0.035, -0.003,  0.299
 0.999, -0.035, -0.003,  0.282
 1.002, -0.036, -0.005,  0.272
 1.006, -0.038, -0.005,  0.260
 1.009, -0.038, -0.003,  0.247
 1.012, -0.040, -0.003,  0.234
 1.015, -0.043, -0.004,  0.220
 1.018, -0.041, -0.004,  0.208
 1.020, -0.039, -0.004,  0.197
 1.022, -0.039, -0.004,  0.185
 1.024, -0.037, -0.004,  0.175
 1.025, -0.039, -0.005,  0.169
 1.026, -0.036, -0.006,  0.162
 1.027, -0.038, -0.007,  0.157
 1.028, -0.038, -0.008,  0.154
 1.028, -0.038, -0.008,  0.154
 1.027, -0.039, -0.009,  0.156
 1.027, -0.037, -0.010,  0.158
 1.027, -0.037, -0.009,  0.157
 1.027, -0.039, -0.009,  0.160
 1.026, -0.039, -0.009,  0.166
 1.025, -0.037, -0.011,  0.173
 1.023, -0.036, -0.012,  0.183
 1.021, -0.035, -0.014,  0.193
 1.019, -0.035, -0.016,  0.205
 1.016, -0.034, -0.019,  0.218
 1.014, -0.034, -0.021,  0.230
 1.011, -0.034, -0.020,  0.243
 1.007, -0.035, -0.018,  0.260
 1.004, -0.035, -0.015,  0.272
 0.999, -0.035, -0.009,  0.289
 0.995, -0.035, -0.005,  0.304
 0.999, -0.034, -0.004,  0.290
 1.003, -0.034, -0.004,  0.276
 1.007, -0.034, -0.004,  0.263
 1.010, -0.034, -0.004,  0.252
 1.013, -0.034, -0.005,  0.240
 1.015, -0.033, -0.008,  0.231
 1.017, -0.032, -0.009,  0.222
 1.018, -0.031, -0.009,  0.216
 1.020, -0.031, -0.010,  0.208
 1.022, -0.030, -0.012,  0.199
 1.023, -0.029, -0.013,  0.190
 1.025, -0.028, -0.014,  0.181
 1.027, -0.027, -0.012,  0.169
 1.029, -0.026, -0.011,  0.157
 1.032, -0.026, -0.010,  0.143
 1.033, -0.025, -0.009,  0.130
 1.035, -0.024, -0.011,  0.115
 1.033, -0.023, -0.014,  0.131
 1.035, -0.022, -0.017,  0.115
 1.034, -0.020, -0.020,  0.128
 1.033, -0.020, -0.021,  0.137
 1.032, -0.020, -0.020,  0.148
 1.030, -0.020, -0.016,  0.159
 1.029, -0.020, -0.015,  0.166
 1.028, -0.020, -0.016,  0.173
 1.026, -0.020, -0.016,  0.181
 1.025, -0.020, -0.016,  0.189
 1.025, -0.020, -0.018,  0.191
 1.024, -0.020, -0.016,  0.193
 1.024, -0.020, -0.016,  0.193
 1.024, -0.020, -0.017,  0.193
 1.024, -0.023, -0.018,  0.192
 1.024, -0.023, -0.018,  0.194
 1.024, -0.023, -0.018,  0.194
 1.024, -0.023, -0.019,  0.193
 1.025, -0.023, -0.019,  0.189
 1.026, -0.023, -0.020,  0.183
 1.028, -0.023, -0.021,  0.170
 1.030, -0.024, -0.020,  0.160
 1.032, -0.022, -0.020,  0.147
 1.034, -0.022, -0.020,  0.135
 1.036, -0.024, -0.021,  0.120
 1.037, -0.025, -0.022,  0.106
 1.039, -0.026, -0.024,  0.091
 1.040, -0.028, -0.025,  0.080
 1.041, -0.028, -0.025,  0.064
 1.040, -0.030, -0.023,  0.081
 1.039, -0.033, -0.021,  0.095
 1.037, -0.036, -0.020,  0.108
 1.036, -0.036, -0.020,  0.123
 1.035, -0.035, -0.020,  0.131
 1.033, -0.035, -0.019,  0.146
 1.031, -0.037, -0.020,  0.158
 1.029, -0.040, -0.020,  0.170
 1.027, -0.040, -0.019,  0.185
 1.024, -0.041, -0.018,  0.198
 1.022, -0.043, -0.017,  0.212
 1.018, -0.045, -0.017,  0.227
 1.016, -0.046, -0.015,  0.240
 1.012, -0.045, -0.014,  0.254
 1.009, -0.046, -0.012,  0.267
 1.005, -0.047, -0.009,  0.284
 1.000, -0.047, -0.010,  0.301
 0.996, -0.047, -0.009,  0.314
 1.001, -0.048, -0.010,  0.299
 1.005, -0.047, -0.009,  0.282
 1.010, -0.046, -0.010,  0.268
 1.013, -0.045, -0.010,  0.255
 1.017, -0.044, -0.010,  0.240
 1.021, -0.042, -0.010,  0.224
 1.024, -0.044, -0.010,  0.208
 1.027, -0.044, -0.010,  0.192
 1.030, -0.046, -0.010,  0.179
 1.032, -0.044, -0.009,  0.165
 1.034, -0.044, -0.009,  0.156
 1.035, -0.044, -0.009,  0.148
 1.035, -0.044, -0.009,  0.145
 1.036, -0.043, -0.009,  0.142
 1.036, -0.041, -0.008,  0.141
 1.036, -0.042, -0.008,  0.140
 1.036, -0.040, -0.009,  0.140
 1.036, -0.040, -0.010,  0.140
 1.036, -0.040, -0.009,  0.141
 1.035, -0.041, -0.008,  0.145
 1.035, -0.041, -0.010,  0.151
 1.034, -0.042, -0.009,  0.156
 1.033, -0.042, -0.009,  0.163
 1.032, -0.042, -0.006,  0.171
 1.030, -0.042, -0.005,  0.180
 1.028, -0.040, -0.005,  0.193
 1.025, -0.040, -0.002,  0.207
 1.022, -0.040, -0.002,  0.221
 1.019, -0.040, -0.003,  0.237
 1.016, -0.039, -0.001,  0.252
 1.012, -0.038, -0.000,  0.268
 1.015, -0.039,  0.001,  0.254
 1.019, -0.038, -0.001,  0.238
 1.023, -0.037, -0.003,  0.222
 1.026, -0.037, -0.003,  0.209
 1.029, -0.037, -0.004,  0.195
 1.031, -0.037, -0.006,  0.182
 1.033, -0.037, -0.008,  0.171
 1.035, -0.036, -0.009,  0.160
 1.037, -0.038, -0.010,  0.150
 1.038, -0.037, -0.011,  0.140
 1.039, -0.036, -0.011,  0.130
 1.041, -0.034, -0.011,  0.120
 1.042, -0.032, -0.012,  0.109
 1.043, -0.032, -0.011,  0.101
 1.044, -0.032, -0.013,  0.090
 1.045, -0.032, -0.012,  0.080
 1.046, -0.032, -0.012,  0.067
 1.047, -0.032, -0.013,  0.051
 1.048, -0.029, -0.016,  0.035
 1.048, -0.029, -0.016,  0.020
 1.048, -0.030, -0.014,  0.037
 1.047, -0.030, -0.014,  0.049
 1.047, -0.029, -0.016,  0.063
 1.046, -0.029, -0.014,  0.074
 1.045, -0.028, -0.015,  0.083
 1.045, -0.028, -0.016,  0.091
 1.044, -0.028, -0.016,  0.099
 1.044, -0.027, -0.017,  0.103
 1.043, -0.027, -0.019,  0.108
 1.043, -0.029, -0.021,  0.111
 1.042, -0.029, -0.020,  0.115
 1.042, -0.031, -0.023,  0.113
 1.043, -0.035, -0.022,  0.110
 1.043, -0.036, -0.021,  0.108
 1.043, -0.035, -0.020,  0.108
 1.044, -0.035, -0.020,  0.097
 1.045, -0.035, -0.021,  0.091
 1.045, -0.035, -0.024,  0.081
 1.047, -0.033, -0.027,  0.067
 1.048, -0.033, -0.027,  0.050
 1.048, -0.035, -0.028,  0.032
 1.048, -0.035, -0.028,  0.047
 1.047, -0.034, -0.028,  0.063
 1.046, -0.032, -0.027,  0.080
 1.045, -0.033, -0.027,  0.098
 1.043, -0.035, -0.025,  0.114
 1.042, -0.038, -0.024,  0.128
 1.040, -0.039, -0.022,  0.141
 1.039, -0.040, -0.020,  0.154
 1.037, -0.041, -0.019,  0.167
 1.034, -0.040, -0.020,  0.183
 1.031, -0.039, -0.019,  0.198
 1.028, -0.038, -0.018,  0.215
 1.025, -0.041, -0.017,  0.232
 1.021, -0.044, -0.016,  0.247
 1.017, -0.045, -0.014,  0.264
 1.013, -0.045, -0.013,  0.280
 1.017, -0.043, -0.015,  0.264
 1.021, -0.042, -0.014,  0.248
 1.025, -0.040, -0.014,  0.233
 1.029, -0.040, -0.015,  0.216
 1.032, -0.038, -0.015,  0.202
 1.035, -0.040, -0.016,  0.188
 1.038, -0.038, -0.018,  0.171
 1.040, -0.036, -0.017,  0.157
 1.042, -0.035, -0.017,  0.144
 1.044, -0.033, -0.017,  0.131
 1.046, -0.033, -0.017,  0.117
 1.047, -0.031, -0.017,  0.104
 1.049, -0.029, -0.016,  0.091
 1.050, -0.031, -0.016,  0.080
 1.051, -0.031, -0.014,  0.068
 1.051, -0.029, -0.015,  0.058
 1.052, -0.030, -0.013,  0.047
 1.052, -0.030, -0.013,  0.037
 1.053, -0.029, -0.011,  0.029
 1.053, -0.030, -0.011,  0.020
 1.053, -0.028, -0.011,  0.014
 1.053, -0.028, -0.010,  0.009
 1.053, -0.029, -0.011,  0.003
 1.053, -0.029, -0.012,  0.001
 1.053, -0.031, -0.012, -0.003
 1.053, -0.030, -0.013, -0.004
 1.053, -0.029, -0.012, -0.005
 1.053, -0.029, -0.013, -0.005
 1.053, -0.027, -0.013, -0.007
 1.053, -0.028, -0.012, -0.004
 1.053, -0.028, -0.011,  0.002
 1.053, -0.028, -0.008,  0.009
 1.053, -0.026, -0.009,  0.020
 1.053, -0.026, -0.009,  0.030
 1.053, -0.025, -0.008,  0.042
 1.052, -0.026, -0.005,  0.058
 1.051, -0.025, -0.005,  0.075
 1.050, -0.025, -0.004,  0.091
 1.048, -0.025, -0.003,  0.108
 1.047, -0.025, -0.003,  0.123
 1.045, -0.027, -0.002,  0.136
 1.043, -0.027, -0.002,  0.152
 1.041, -0.026, -0.001,  0.168
 1.038, -0.024, -0.000,  0.185
 1.041, -0.024, -0.001,  0.169
 1.044, -0.023, -0.002,  0.154
 1.046, -0.023, -0.002,  0.137
 1.048, -0.023, -0.000,  0.123
 1.050, -0.023,  0.001,  0.107
 1.051, -0.023,  0.001,  0.092
 1.053, -0.021, -0.000,  0.078
 1.054, -0.022, -0.000,  0.063
 1.055, -0.022, -0.001,  0.048
 1.055, -0.023, -0.001,  0.035
 1.056, -0.022, -0.003,  0.017
 1.056, -0.021, -0.003,  0.001
 1.056, -0.021, -0.005, -0.014
 1.056, -0.022, -0.006, -0.001
 1.056, -0.022, -0.008,  0.015
 1.056, -0.022, -0.006,  0.028
 1.056, -0.022, -0.007,  0.039
 1.055, -0.021, -0.008,  0.048
 1.055, -0.021, -0.008,  0.058
 1.055, -0.019, -0.009,  0.066
 1.054, -0.019, -0.011,  0.072
 1.054, -0.018, -0.011,  0.076
 1.054, -0.018, -0.010,  0.078
 1.054, -0.018, -0.007,  0.080
 1.054, -0.018, -0.006,  0.079
 1.054, -0.018, -0.006,  0.081
 1.053, -0.020, -0.008,  0.083
 1.054, -0.021, -0.008,  0.081
 1.054, -0.021, -0.008,  0.081
 1.054, -0.020, -0.008,  0.081
 1.054, -0.020, -0.009,  0.081
 1.054, -0.020, -0.009,  0.079
 1.054, -0.020, -0.009,  0.081
 1.053, -0.019, -0.009,  0.083
 1.054, -0.020, -0.008,  0.081
 1.053, -0.020, -0.008,  0.082
 1.053, -0.020, -0.008,  0.082
 1.054, -0.020, -0.008,  0.082
 1.054, -0.018, -0.008,  0.080
 1.054, -0.018, -0.008,  0.082
 1.054, -0.020, -0.008,  0.080
 1.054, -0.020, -0.007,  0.080
 1.054, -0.018, -0.007,  0.080
 1.054, -0.018, -0.007,  0.080
 1.054, -0.018, -0.007,  0.079
 1.054, -0.018, -0.007,  0.079
 1.054, -0.018, -0.007,  0.081
 1.054, -0.020, -0.007,  0.079
 1.054, -0.020, -0.007,  0.077
 1.054, -0.019, -0.007,  0.075
 1.054, -0.019, -0.007,  0.077
 1.054, -0.017, -0.006,  0.077
 1.054, -0.020, -0.007,  0.076
 1.054, -0.020, -0.007,  0.078
 1.054, -0.018, -0.007,  0.076
 1.054, -0.018, -0.007,  0.076
 1.054, -0.019, -0.007,  0.076
 1.054, -0.019, -0.006,  0.075
 1.054, -0.019, -0.006,  0.073
 1.054, -0.019, -0.006,  0.071
 1.055, -0.018, -0.006,  0.069
 1.055, -0.018, -0.006,  0.067
 1.055, -0.019, -0.006,  0.067
 1.055, -0.018, -0.006,  0.067
 1.055, -0.021, -0.006,  0.067
 1.055, -0.021, -0.006,  0.065
 1.055, -0.021, -0.005,  0.065
 1.055, -0.019, -0.006,  0.065
 1.055, -0.019, -0.006,  0.064
 1.055, -0.019, -0.006,  0.065
 1.055, -0.017, -0.006,  0.066
 1.055, -0.015, -0.006,  0.064
 1.055, -0.015, -0.006,  0.067
 1.055, -0.018, -0.006,  0.066
 1.055, -0.020, -0.006,  0.064
 1.055, -0.018, -0.006,  0.066
 1.055, -0.016, -0.006,  0.068
 1.055, -0.016, -0.006,  0.068
 1.055, -0.015, -0.006,  0.070
 1.054, -0.015, -0.006,  0.072
 1.054, -0.016, -0.006,  0.072
 1.055, -0.015, -0.006,  0.070
 1.055, -0.013, -0.006,  0.068
 1.055, -0.013, -0.006,  0.070
 1.054, -0.013, -0.006,  0.072
 1.054, -0.013, -0.006,  0.072
 1.054, -0.012, -0.006,  0.073
 1.055, -0.012, -0.006,  0.071
 1.055, -0.012, -0.006,  0.071
 1.055, -0.012, -0.006,  0.071
 1.055, -0.012, -0.006,  0.069
 1.055, -0.012, -0.007,  0.071
 1.055, -0.012, -0.006,  0.071
 1.055, -0.012, -0.006,  0.071
 1.055, -0.012, -0.006,  0.071
 1.054, -0.012, -0.006,  0.073
 1.054, -0.010, -0.006,  0.073
 1.054, -0.008, -0.005,  0.076
 1.054, -0.010, -0.005,  0.076
 1.054, -0.010, -0.005,  0.078
 1.054, -0.010, -0.005,  0.077
 1.054, -0.008, -0.004,  0.077
 1.054, -0.008, -0.004,  0.075
 1.054, -0.008, -0.004,  0.076
 1.054, -0.010, -0.004,  0.078
 1.054, -0.010, -0.004,  0.076
 1.054, -0.010, -0.004,  0.076
 1.054, -0.008, -0.004,  0.077
 1.054, -0.010, -0.004,  0.077
 1.054, -0.010, -0.004,  0.077
 1.054, -0.010, -0.004,  0.077
 1.054, -0.008, -0.004,  0.077
 1.054, -0.007, -0.004,  0.079
 1.054, -0.005, -0.004,  0.079
 1.054, -0.005, -0.004,  0.077
 1.054, -0.005, -0.004,  0.078
 1.054, -0.005, -0.003,  0.076
 1.054, -0.005, -0.003,  0.076
 1.054, -0.005, -0.003,  0.076
 1.054, -0.003, -0.003,  0.076
 1.054, -0.003, -0.003,  0.078
 1.054, -0.001, -0.002,  0.080
 1.054, -0.001, -0.003,  0.078
 1.054, -0.001, -0.003,  0.080
 1.054, -0.001, -0.003,  0.082
 1.054, -0.001, -0.003,  0.081
 1.054, -0.001, -0.003,  0.080
 1.054, -0.001, -0.003,  0.079
 1.054,  0.001, -0.003,  0.081
 1.054,  0.001, -0.003,  0.079
 1.054,  0.003, -0.003,  0.077
 1.054,  0.003, -0.004,  0.079
 1.054,  0.003, -0.003,  0.079
 1.054,  0.005, -0.003,  0.079
 1.054,  0.003, -0.004,  0.081
 1.054,  0.000, -0.004,  0.080
 1.054, -0.002, -0.004,  0.078
 1.054, -0.004, -0.004,  0.078
 1.054, -0.004, -0.004,  0.080
 1.054, -0.004, -0.004,  0.080
 1.054, -0.003, -0.004,  0.078
 1.054, -0.003, -0.003,  0.077
 1.054, -0.004, -0.003,  0.077
 1.054, -0.002, -0.003,  0.077
 1.054, -0.004, -0.003,  0.075
 1.054, -0.004, -0.003,  0.075
 1.054, -0.004, -0.004,  0.074
 1.055, -0.004, -0.004,  0.073
 1.054, -0.006, -0.004,  0.075
 1.054, -0.006, -0.004,  0.074
 1.055, -0.007, -0.004,  0.073
 1.055, -0.007, -0.003,  0.073
 1.055, -0.007, -0.003,  0.073
 1.055, -0.007, -0.004,  0.073
 1.055, -0.006, -0.004,  0.071
 1.055, -0.006, -0.004,  0.069
 1.055, -0.006, -0.004,  0.067
 1.055, -0.008, -0.004,  0.067
 1.055, -0.006, -0.004,  0.067
 1.055, -0.006, -0.004,  0.067
 1.055, -0.008, -0.004,  0.066
 1.055, -0.008, -0.004,  0.066
 1.055, -0.010, -0.004,  0.066
 1.055, -0.010, -0.004,  0.067
 1.055, -0.008, -0.004,  0.070
 1.055, -0.010, -0.004,  0.068
 1.055, -0.012, -0.005,  0.067
 1.055, -0.013, -0.005,  0.067
 1.055, -0.012, -0.004,  0.068
 1.055, -0.012, -0.005,  0.066
 1.055, -0.011, -0.005,  0.064
 1.055, -0.011, -0.005,  0.066
 1.055, -0.011, -0.005,  0.066
 1.055, -0.012, -0.005,  0.066
 1.055, -0.012, -0.004,  0.066
 1.055, -0.011, -0.005,  0.066
 1.055, -0.012, -0.005,  0.064
 1.055, -0.012, -0.005,  0.064
 1.055, -0.012, -0.005,  0.063
 1.055, -0.001, -0.000,  0.061
 1.055,  0.003,  0.000,  0.060
 1.055,  0.001, -0.003,  0.062
 1.055,  0.003, -0.001,  0.061
 1.056,  0.004, -0.001,  0.059
 1.055,  0.003, -0.001,  0.060
 1.055,  0.003, -0.001,  0.061
 1.056,  0.001, -0.003,  0.059
 1.055,  0.001, -0.003,  0.061
 1.055, -0.001, -0.003,  0.061
 1.056,  0.001, -0.002,  0.059
 1.056,  0.000,  0.000,  0.059
 1.056, -0.002, -0.001,  0.058
 1.056, -0.002, -0.001,  0.058
 1.056, -0.002, -0.001,  0.058
 1.056, -0.002, -0.001,  0.060
 1.056, -0.002, -0.001,  0.057
 1.056, -0.004, -0.001,  0.059
 1.056, -0.004, -0.000,  0.059
 1.056, -0.004, -0.001,  0.057
 1.056, -0.004, -0.000,  0.057
 1.056, -0.005, -0.000,  0.056
 1.056, -0.003, -0.000,  0.055
 1.056, -0.003, -0.001,  0.054
 1.056, -0.002, -0.000,  0.052
 1.056, -0.003, -0.000,  0.052
 1.056, -0.003, -0.000,  0.054
 1.056, -0.003,  0.002,  0.055
 1.056, -0.003,  0.002,  0.054
 1.056, -0.003,  0.002,  0.053
 1.056, -0.001,  0.002,  0.055
 1.056,  0.000,  0.002,  0.055
 1.056, -0.002,  0.002,  0.055
 1.056, -0.002,  0.004,  0.055
 1.056, -0.002,  0.004,  0.055
 1.056, -0.004,  0.004,  0.055
 1.056, -0.006,  0.003,  0.053
 1.056, -0.006,  0.003,  0.055
 1.056, -0.006,  0.003,  0.054
 1.056, -0.006,  0.003,  0.054
 1.056, -0.006,  0.002,  0.056
 1.056, -0.006,  0.002,  0.056
 1.056, -0.004,  0.002,  0.054
 1.056, -0.004,  0.002,  0.053
 1.056, -0.004,  0.001,  0.054
 1.056, -0.004,  0.001,  0.053
 1.056, -0.006, -0.002,  0.051
 1.056, -0.006, -0.002,  0.051
 1.056, -0.004, -0.002,  0.051
 1.056, -0.004, -0.001,  0.051
 1.056, -0.004, -0.001,  0.053
 1.056, -0.004, -0.001,  0.053
 1.056, -0.003, -0.001,  0.052
 1.056, -0.004, -0.001,  0.052
 1.056, -0.002, -0.001,  0.050
 1.056, -0.000, -0.001,  0.050
 1.056, -0.002, -0.002,  0.050
 1.056, -0.005, -0.001,  0.050
 1.056, -0.007, -0.002,  0.049
 1.056, -0.007, -0.002,  0.048
 1.056, -0.007, -0.002,  0.046
 1.056, -0.007, -0.002,  0.045
 1.056, -0.005, -0.002,  0.045
 1.056, -0.006, -0.001,  0.044
 1.056, -0.004, -0.002,  0.044
 1.056, -0.002, -0.002,  0.044
 1.056, -0.002, -0.002,  0.046
 1.056, -0.002, -0.002,  0.046
 1.056, -0.002, -0.002,  0.046
 1.056, -0.002, -0.002,  0.046
 1.056, -0.002, -0.002,  0.046
 1.056, -0.002, -0.002,  0.044
 1.056, -0.002, -0.002,  0.043
 1.057,  0.000, -0.003,  0.041
 1.057,  0.002, -0.002,  0.041
 1.057,  0.004, -0.004,  0.041
 1.057,  0.004, -0.004,  0.041
 1.057,  0.002, -0.004,  0.039
 1.056,  0.003, -0.004,  0.042
 1.056,  0.002, -0.004,  0.042
 1.056,  0.002, -0.004,  0.044
 1.056, -0.000, -0.004,  0.046
 1.056, -0.002, -0.004,  0.046
 1.056, -0.003, -0.004,  0.048
 1.056, -0.001, -0.004,  0.048
 1.056, -0.001, -0.004,  0.047
 1.056, -0.001, -0.004,  0.045
 1.056, -0.001, -0.005,  0.045
 1.056, -0.001, -0.005,  0.044
 1.056, -0.001, -0.005,  0.046
 1.056, -0.001, -0.005,  0.046
 1.056, -0.001, -0.005,  0.046
 1.056, -0.001, -0.005,  0.048
 1.056,  0.000, -0.005,  0.046
 1.056,  0.001, -0.005,  0.043
 1.056,  0.001, -0.005,  0.045
 1.056,  0.001, -0.005,  0.043
 1.056,  0.001, -0.005,  0.043
 1.056,  0.001, -0.005,  0.045
 1.056,  0.001, -0.005,  0.045
 1.056,  0.001, -0.005,  0.047
 1.056,  0.001, -0.005,  0.049
 1.056, -0.002, -0.005,  0.051
 1.056, -0.002, -0.002,  0.051
 1.056, -0.004, -0.003,  0.053
 1.056, -0.006, -0.003,  0.055
 1.056, -0.007, -0.003,  0.057
 1.056, -0.007, -0.003,  0.059
 1.056, -0.007, -0.001,  0.058
 1.056, -0.009, -0.001,  0.058
 1.056, -0.009, -0.002,  0.058
 1.056, -0.007, -0.002,  0.060
 1.056, -0.007, -0.001,  0.059
 1.056, -0.007,  0.001,  0.059
 1.056, -0.007,  0.000,  0.061
 1.056, -0.009, -0.000,  0.063
 1.056, -0.011, -0.000,  0.062
 1.055, -0.011,  0.000,  0.064
 1.055, -0.012,  0.000,  0.066
 1.055, -0.012,  0.000,  0.064
 1.055, -0.011,  0.000,  0.064
 1.055, -0.011, -0.000,  0.064
 1.056, -0.011, -0.000,  0.062
 1.055, -0.009,  0.000,  0.064
 1.056, -0.009,  0.000,  0.062
 1.056, -0.009,  0.000,  0.062
 1.056, -0.009, -0.001,  0.062
 1.056, -0.009, -0.001,  0.060
 1.056, -0.009, -0.000,  0.059
 1.056, -0.009, -0.000,  0.059
 1.056, -0.009,  0.000,  0.059
 1.056, -0.009,  0.000,  0.057
 1.056, -0.009,  0.000,  0.057
 1.056, -0.008,  0.000,  0.058
 1.056, -0.008,  0.000,  0.056
 1.056, -0.008,  0.000,  0.056
 1.056, -0.008, -0.000,  0.058
 1.056, -0.008,  0.000,  0.058
 1.056, -0.008,  0.000,  0.058
 1.056, -0.008,  0.000,  0.055
 1.056, -0.010,  0.000,  0.055
 1.056, -0.010, -0.000,  0.053
 1.056, -0.010, -0.000,  0.053
 1.056, -0.010, -0.000,  0.053
 1.056, -0.008, -0.000,  0.053
 1.056, -0.009, -0.000,  0.051
 1.056, -0.007,  0.001,  0.051
 1.056, -0.007,  0.001,  0.052
 1.056, -0.007,  0.001,  0.051
 1.056, -0.005,  0.001,  0.051
 1.056, -0.005,  0.001,  0.053
 1.056, -0.005,  0.001,  0.053
 1.056, -0.006,  0.001,  0.053
 1.056, -0.008,  0.003,  0.053
 1.056, -0.006,  0.004,  0.053
 1.056, -0.006,  0.004,  0.050
 1.056, -0.006,  0.003,  0.048
 1.056, -0.006,  0.003,  0.048
 1.056, -0.006,  0.003,  0.048
 1.056, -0.006,  0.003,  0.046
 1.056, -0.004,  0.004,  0.045
 1.056, -0.004,  0.003,  0.045
 1.056, -0.004,  0.004,  0.045
 1.057, -0.004,  0.003,  0.043
 1.057, -0.004,  0.003,  0.045
 1.056, -0.003,  0.003,  0.046
 1.056, -0.002,  0.003,  0.046
 1.056, -0.003,  0.003,  0.046
 1.056, -0.005,  0.003,  0.048
 1.056, -0.006,  0.004,  0.048
 1.056, -0.006,  0.004,  0.046
 1.056, -0.008,  0.004,  0.046
 1.056, -0.007,  0.004,  0.046
 1.057, -0.006,  0.004,  0.044
 1.057, -0.008,  0.004,  0.043
 1.057, -0.008,  0.004,  0.042
 1.057, -0.008,  0.005,  0.042
 1.057, -0.006,  0.005,  0.042
 1.057, -0.006,  0.007,  0.042
 1.057, -0.006,  0.007,  0.042
 1.057, -0.006,  0.006,  0.042
 1.057, -0.006,  0.007,  0.042
 1.057, -0.005,  0.007,  0.043
 1.057, -0.005,  0.008,  0.043
 1.057, -0.003,  0.009,  0.041
 1.057, -0.003,  0.009,  0.039
 1.057, -0.002,  0.011,  0.041
 1.057, -0.002,  0.011,  0.039
 1.057, -0.002,  0.011,  0.039
 1.057,  0.000,  0.014,  0.041
 1.057,  0.000,  0.014,  0.041
 1.057,  0.000,  0.014,  0.039
 1.057,  0.000,  0.014,  0.037
 1.057, -0.000,  0.013,  0.037
 1.057, -0.000,  0.013,  0.035
 1.057,  0.000,  0.013,  0.035
 1.057,  0.000,  0.013,  0.035
 1.057,  0.000,  0.013,  0.037
 1.057,  0.002,  0.013,  0.035
 1.057,  0.002,  0.014,  0.033
 1.057,  0.002,  0.014,  0.035
 1.057,  0.002,  0.013,  0.033
 1.057,  0.002,  0.014,  0.031
 1.057,  0.002,  0.013,  0.030
 1.057,  0.001,  0.013,  0.033
 1.057,  0.001,  0.013,  0.032
 1.057,  0.001,  0.013,  0.031
 1.057, -0.001,  0.013,  0.031
 1.057,  0.000,  0.015,  0.030
 1.057, -0.000,  0.015,  0.030
 1.057, -0.000,  0.015,  0.028
 1.057, -0.000,  0.015,  0.030
 1.057,  0.001,  0.016,  0.030
 1.057,  0.001,  0.015,  0.028
 1.057,  0.001,  0.015,  0.028
 1.057,  0.001,  0.015,  0.030
